d8:b1:90:c9:05:71,-79,clicklist4
d8:b1:90:be:24:e1,-62,clicklist4
d8:b1:90:c9:08:51,-76,clicklist4
d8:b1:90:c4:5c:51,-65,clicklist4
d8:b1:90:b1:f2:c1,-82,clicklist4
d8:b1:90:bb:98:b1,-79,clicklist4
d8:b1:90:c4:5c:41,-49,clicklist4
d8:b1:90:c4:5c:41,-49,clicklist4
d8:b1:90:c9:08:51,-72,clicklist4
d8:b1:90:be:24:e1,-62,clicklist4
d8:b1:90:bb:98:b1,-79,clicklist4
d8:b1:90:c9:05:71,-79,clicklist4
d8:b1:90:c4:5c:51,-64,clicklist4
d8:b1:90:b1:f2:c1,-83,clicklist4
d8:b1:90:be:24:e1,-62,clicklist4
d8:b1:90:c9:08:51,-67,clicklist4
d8:b1:90:75:33:b1,-84,clicklist4
d8:b1:90:c4:5c:41,-49,clicklist4
d8:b1:90:c4:5c:51,-63,clicklist4
d8:b1:90:b2:ba:a1,-73,clicklist4
d8:b1:90:c9:05:71,-79,clicklist4
d8:b1:90:bb:98:b1,-79,clicklist4
d8:b1:90:b1:f2:c1,-82,clicklist4
d8:b1:90:be:24:e1,-62,clicklist4
d8:b1:90:c4:5c:51,-65,clicklist4
d8:b1:90:c9:08:51,-70,clicklist4
d8:b1:90:c9:05:71,-79,clicklist4
d8:b1:90:b2:ba:a1,-73,clicklist4
d8:b1:90:bb:98:b1,-79,clicklist4
d8:b1:90:75:33:b1,-84,clicklist4
d8:b1:90:c4:5c:41,-49,clicklist4
d8:b1:90:c4:5c:41,-54,clicklist4
d8:b1:90:b2:ba:a1,-73,clicklist4
d8:b1:90:75:33:b1,-84,clicklist4
d8:b1:90:c4:5c:51,-66,clicklist4
d8:b1:90:b1:f2:c1,-82,clicklist4
d8:b1:90:c9:08:51,-68,clicklist4
d8:b1:90:bb:98:b1,-79,clicklist4
d8:b1:90:c9:05:71,-81,clicklist4
d8:b1:90:c4:5c:51,-67,clicklist4
d8:b1:90:75:33:b1,-84,clicklist4
d8:b1:90:c4:5c:41,-54,clicklist4
d8:b1:90:b2:ba:a1,-73,clicklist4
d8:b1:90:bb:98:b1,-80,clicklist4
d8:b1:90:c9:08:51,-70,clicklist4
d8:b1:90:b1:f2:c1,-82,clicklist4
d8:b1:90:c9:08:51,-67,clicklist4
d8:b1:90:b1:f2:c1,-82,clicklist4
d8:b1:90:c4:5c:41,-54,clicklist4
d8:b1:90:c4:5c:51,-66,clicklist4
d8:b1:90:c9:05:71,-81,clicklist4
d8:b1:90:bb:98:b1,-79,clicklist4
d8:b1:90:c9:05:71,-80,clicklist4
d8:b1:90:bb:98:b1,-79,clicklist4
d8:b1:90:b2:ba:a1,-71,clicklist4
d8:b1:90:c4:5c:51,-66,clicklist4
d8:b1:90:c4:5c:41,-54,clicklist4
d8:b1:90:75:33:b1,-82,clicklist4
d8:b1:90:c9:08:51,-70,clicklist4
d8:b1:90:b1:f2:c1,-82,clicklist4
d8:b1:90:bb:98:b1,-79,clicklist4
d8:b1:90:c9:05:71,-80,clicklist4
d8:b1:90:c9:08:51,-72,clicklist4
d8:b1:90:c4:5c:51,-66,clicklist4
d8:b1:90:75:33:b1,-82,clicklist4
d8:b1:90:b2:ba:a1,-71,clicklist4
d8:b1:90:b1:f2:c1,-83,clicklist4
d8:b1:90:c9:05:71,-80,clicklist4
d8:b1:90:b1:f2:c1,-83,clicklist4
d8:b1:90:c9:08:51,-70,clicklist4
d8:b1:90:75:33:b1,-82,clicklist4
d8:b1:90:b2:ba:a1,-71,clicklist4
d8:b1:90:c4:5c:51,-65,clicklist4
d8:b1:90:bb:98:b1,-79,clicklist4
d8:b1:90:b2:ba:a1,-71,clicklist4
d8:b1:90:bb:98:b1,-79,clicklist4
d8:b1:90:b1:f2:c1,-83,clicklist4
d8:b1:90:c9:08:51,-70,clicklist4
d8:b1:90:75:33:b1,-82,clicklist4
d8:b1:90:c4:5c:51,-65,clicklist4
d8:b1:90:c9:05:71,-80,clicklist4
d8:b1:90:c9:08:51,-73,clicklist4
d8:b1:90:c9:05:71,-80,clicklist4
d8:b1:90:c4:5c:51,-67,clicklist4
d8:b1:90:b2:ba:a1,-70,clicklist4
d8:b1:90:bb:98:b1,-79,clicklist4
d8:b1:90:b1:f2:c1,-83,clicklist4
d8:b1:90:75:33:b1,-80,clicklist4
d8:b1:90:c4:5c:51,-68,clicklist4
d8:b1:90:c4:5c:41,-52,clicklist4
d8:b1:90:c9:08:51,-73,clicklist4
d8:b1:90:c9:05:71,-80,clicklist4
d8:b1:90:b1:f2:c1,-83,clicklist4
d8:b1:90:b2:ba:a1,-70,clicklist4
d8:b1:90:bb:98:b1,-79,clicklist4
d8:b1:90:b2:be:31,-88,clicklist4
d8:b1:90:b2:ba:a1,-70,clicklist4
d8:b1:90:b2:be:31,-88,clicklist4
d8:b1:90:c4:5c:51,-68,clicklist4
d8:b1:90:c9:05:71,-80,clicklist4
d8:b1:90:c9:08:51,-75,clicklist4
d8:b1:90:75:33:b1,-82,clicklist4
d8:b1:90:c4:5c:41,-56,clicklist4
d8:b1:90:bb:98:b1,-79,clicklist4
d8:b1:90:c9:08:51,-74,clicklist4
d8:b1:90:b2:ba:a1,-70,clicklist4
d8:b1:90:75:33:b1,-82,clicklist4
d8:b1:90:bb:98:b1,-79,clicklist4
d8:b1:90:c4:5c:41,-53,clicklist4
d8:b1:90:c9:05:71,-80,clicklist4
d8:b1:90:b2:be:31,-88,clicklist4
d8:b1:90:c4:5c:51,-70,clicklist4
d8:b1:90:c9:05:71,-80,clicklist4
d8:b1:90:c4:5c:51,-70,clicklist4
d8:b1:90:bb:98:b1,-79,clicklist4
d8:b1:90:b2:ba:a1,-70,clicklist4
d8:b1:90:c9:08:51,-74,clicklist4
d8:b1:90:c4:5c:41,-53,clicklist4
d8:b1:90:b2:be:31,-88,clicklist4
d8:b1:90:75:33:b1,-82,clicklist4
d8:b1:90:bb:98:b1,-80,clicklist4
d8:b1:90:be:24:e1,-64,clicklist4
d8:b1:90:c9:08:51,-74,clicklist4
d8:b1:90:c9:05:71,-80,clicklist4
d8:b1:90:75:33:b1,-82,clicklist4
d8:b1:90:c4:5c:51,-67,clicklist4
d8:b1:90:b2:ba:a1,-70,clicklist4
d8:b1:90:c4:5c:41,-53,clicklist4
d8:b1:90:c9:05:71,-80,clicklist4
d8:b1:90:c4:5c:41,-53,clicklist4
d8:b1:90:b2:ba:a1,-70,clicklist4
d8:b1:90:bb:98:b1,-80,clicklist4
d8:b1:90:b1:f2:c1,-83,clicklist4
d8:b1:90:be:24:e1,-59,clicklist4
d8:b1:90:c4:5c:51,-66,clicklist4
d8:b1:90:c9:08:51,-74,clicklist4
d8:b1:90:b1:f2:c1,-83,clicklist4
d8:b1:90:bb:98:b1,-80,clicklist4
d8:b1:90:b2:ba:a1,-70,clicklist4
d8:b1:90:c9:08:51,-78,clicklist4
d8:b1:90:c4:5c:51,-66,clicklist4
d8:b1:90:c9:05:71,-80,clicklist4
d8:b1:90:be:24:e1,-59,clicklist4
d8:b1:90:c4:5c:41,-50,clicklist4
d8:b1:90:b1:f2:c1,-83,clicklist4
d8:b1:90:be:24:e1,-59,clicklist4
d8:b1:90:bb:98:b1,-80,clicklist4
d8:b1:90:c4:5c:51,-66,clicklist4
d8:b1:90:c9:08:51,-76,clicklist4
d8:b1:90:c4:5c:41,-50,clicklist4
d8:b1:90:c9:08:51,-76,clicklist4
d8:b1:90:bb:98:b1,-80,clicklist4
d8:b1:90:c9:05:71,-78,clicklist4
d8:b1:90:c4:5c:51,-66,clicklist4
d8:b1:90:be:24:e1,-56,clicklist4
d8:b1:90:b1:f2:c1,-83,clicklist4
d8:b1:90:c4:5c:51,-66,clicklist4
d8:b1:90:c4:5c:41,-50,clicklist4
d8:b1:90:b1:f2:c1,-83,clicklist4
d8:b1:90:c9:05:71,-78,clicklist4
d8:b1:90:be:24:e1,-56,clicklist4
d8:b1:90:bb:98:b1,-80,clicklist4
d8:b1:90:c9:08:51,-75,clicklist4
d8:b1:90:c9:08:51,-75,clicklist4
d8:b1:90:c4:5c:41,-50,clicklist4
d8:b1:90:bb:98:b1,-80,clicklist4
d8:b1:90:75:33:b1,-82,clicklist4
d8:b1:90:c4:5c:51,-64,clicklist4
d8:b1:90:c9:05:71,-80,clicklist4
d8:b1:90:b1:f2:c1,-83,clicklist4
d8:b1:90:be:24:e1,-60,clicklist4
d8:b1:90:be:24:e1,-60,clicklist4
d8:b1:90:bb:98:b1,-80,clicklist4
d8:b1:90:c4:5c:51,-67,clicklist4
d8:b1:90:c9:05:71,-80,clicklist4
d8:b1:90:c9:08:51,-75,clicklist4
d8:b1:90:b1:f2:c1,-82,clicklist4
d8:b1:90:75:33:b1,-84,clicklist4
d8:b1:90:c9:08:51,-75,clicklist4
d8:b1:90:bb:98:b1,-80,clicklist4
d8:b1:90:75:33:b1,-84,clicklist4
d8:b1:90:b1:f2:c1,-82,clicklist4
d8:b1:90:c4:5c:51,-68,clicklist4
d8:b1:90:c9:05:71,-78,clicklist4
d8:b1:90:be:24:e1,-59,clicklist4
d8:b1:90:c4:5c:41,-48,clicklist4
d8:b1:90:bb:98:b1,-80,clicklist4
d8:b1:90:be:24:e1,-59,clicklist4
d8:b1:90:b2:ba:a1,-73,clicklist4
d8:b1:90:75:33:b1,-84,clicklist4
d8:b1:90:c9:05:71,-78,clicklist4
d8:b1:90:c9:08:51,-75,clicklist4
d8:b1:90:c4:5c:41,-48,clicklist4
d8:b1:90:c4:5c:51,-69,clicklist4
d8:b1:90:b1:f2:c1,-82,clicklist4
d8:b1:90:c4:5c:51,-70,clicklist4
d8:b1:90:bb:98:b1,-80,clicklist4
d8:b1:90:b1:f2:c1,-82,clicklist4
d8:b1:90:c9:05:71,-78,clicklist4
d8:b1:90:c4:5c:41,-48,clicklist4
d8:b1:90:be:24:e1,-59,clicklist4
d8:b1:90:75:33:b1,-84,clicklist4
d8:b1:90:b2:ba:a1,-73,clicklist4
d8:b1:90:c9:08:51,-75,clicklist4
d8:b1:90:be:24:e1,-59,clicklist4
d8:b1:90:bb:98:b1,-80,clicklist4
d8:b1:90:c4:5c:51,-67,clicklist4
d8:b1:90:b2:ba:a1,-73,clicklist4
d8:b1:90:c9:08:51,-74,clicklist4
d8:b1:90:c9:05:71,-78,clicklist4
d8:b1:90:b1:f2:c1,-82,clicklist4
d8:b1:90:c4:5c:41,-48,clicklist4
d8:b1:90:c9:08:51,-74,clicklist4
d8:b1:90:c9:05:71,-81,clicklist4
d8:b1:90:b2:ba:a1,-73,clicklist4
d8:b1:90:b1:f2:c1,-80,clicklist4
d8:b1:90:c4:5c:51,-67,clicklist4
d8:b1:90:bb:98:b1,-80,clicklist4
d8:b1:90:b2:ba:a1,-71,clicklist1-bah
d8:b1:90:c9:05:71,-81,clicklist1-bah
d8:b1:90:bb:98:b1,-81,clicklist1-bah
d8:b1:90:c4:5c:51,-60,clicklist1-bah
d8:b1:90:be:24:e1,-54,clicklist1-bah
d8:b1:90:c9:08:51,-74,clicklist1-bah
d8:b1:90:c4:5c:41,-54,clicklist1-bah
d8:b1:90:b1:f2:c1,-81,clicklist1-bah
d8:b1:90:c9:08:51,-76,clicklist1-bah
d8:b1:90:b1:f2:c1,-81,clicklist1-bah
d8:b1:90:b2:ba:a1,-67,clicklist1-bah
d8:b1:90:c9:05:71,-81,clicklist1-bah
d8:b1:90:c4:5c:41,-52,clicklist1-bah
d8:b1:90:c4:5c:51,-66,clicklist1-bah
d8:b1:90:be:24:e1,-54,clicklist1-bah
d8:b1:90:bb:98:b1,-81,clicklist1-bah
d8:b1:90:c9:08:51,-81,clicklist1-bah
d8:b1:90:b2:ba:a1,-63,clicklist1-bah
d8:b1:90:c9:05:71,-81,clicklist1-bah
d8:b1:90:be:24:e1,-54,clicklist1-bah
d8:b1:90:bb:98:b1,-82,clicklist1-bah
d8:b1:90:c4:5c:51,-64,clicklist1-bah
d8:b1:90:c4:5c:41,-57,clicklist1-bah
d8:b1:90:b1:f2:c1,-81,clicklist1-bah
d8:b1:90:c9:08:51,-81,clicklist1-bah
d8:b1:90:c4:5c:51,-62,clicklist1-bah
d8:b1:90:c4:5c:41,-58,clicklist1-bah
d8:b1:90:c9:05:71,-81,clicklist1-bah
d8:b1:90:b2:ba:a1,-63,clicklist1-bah
d8:b1:90:be:24:e1,-54,clicklist1-bah
d8:b1:90:bb:98:b1,-82,clicklist1-bah
d8:b1:90:c4:5c:51,-63,clicklist1-bah
d8:b1:90:b2:be:31,-82,clicklist1-bah
d8:b1:90:c4:5c:41,-58,clicklist1-bah
d8:b1:90:bb:98:b1,-82,clicklist1-bah
d8:b1:90:c9:08:51,-80,clicklist1-bah
d8:b1:90:b2:ba:a1,-61,clicklist1-bah
d8:b1:90:b2:ba:a1,-61,clicklist1-bah
d8:b1:90:c4:5c:51,-64,clicklist1-bah
d8:b1:90:bb:98:b1,-82,clicklist1-bah
d8:b1:90:c4:5c:41,-58,clicklist1-bah
d8:b1:90:c9:08:51,-80,clicklist1-bah
d8:b1:90:b2:be:31,-82,clicklist1-bah
d8:b1:90:c4:5c:41,-58,clicklist1-bah
d8:b1:90:c4:5c:51,-64,clicklist1-bah
d8:b1:90:c9:08:51,-80,clicklist1-bah
d8:b1:90:b2:ba:a1,-62,clicklist1-bah
d8:b1:90:b2:be:31,-82,clicklist1-bah
d8:b1:90:c4:5c:51,-63,clicklist1-bah
d8:b1:90:b2:be:31,-82,clicklist1-bah
d8:b1:90:c9:08:51,-80,clicklist1-bah
d8:b1:90:c4:5c:41,-58,clicklist1-bah
d8:b1:90:b2:ba:a1,-62,clicklist1-bah
d8:b1:90:c9:08:51,-82,clicklist1-bah
d8:b1:90:b2:ba:a1,-62,clicklist1-bah
d8:b1:90:c4:5c:51,-63,clicklist1-bah
d8:b1:90:c4:5c:41,-58,clicklist1-bah
d8:b1:90:b2:be:31,-81,clicklist1-bah
d8:b1:90:b1:f2:c1,-86,clicklist1-bah
d8:b1:90:c4:5c:41,-58,clicklist1-bah
d8:b1:90:b2:ba:a1,-62,clicklist1-bah
d8:b1:90:b2:be:31,-82,clicklist1-bah
d8:b1:90:c4:5c:51,-63,clicklist1-bah
d8:b1:90:c9:08:51,-82,clicklist1-bah
d8:b1:90:c9:08:51,-82,clicklist1-bah
d8:b1:90:c4:5c:51,-63,clicklist1-bah
d8:b1:90:b2:be:31,-82,clicklist1-bah
d8:b1:90:c4:5c:41,-58,clicklist1-bah
d8:b1:90:b1:f2:c1,-86,clicklist1-bah
d8:b1:90:be:24:e1,-56,clicklist1-bah
d8:b1:90:b2:ba:a1,-62,clicklist1-bah
d8:b1:90:b2:ba:a1,-61,clicklist1-bah
d8:b1:90:bb:98:b1,-83,clicklist1-bah
d8:b1:90:c4:5c:51,-63,clicklist1-bah
d8:b1:90:b1:f2:c1,-86,clicklist1-bah
d8:b1:90:c4:5c:41,-58,clicklist1-bah
d8:b1:90:b2:be:31,-82,clicklist1-bah
d8:b1:90:c9:08:51,-82,clicklist1-bah
d8:b1:90:be:24:e1,-56,clicklist1-bah
d8:b1:90:c9:08:51,-82,clicklist1-bah
d8:b1:90:b1:f2:c1,-86,clicklist1-bah
d8:b1:90:b2:be:31,-82,clicklist1-bah
d8:b1:90:c4:5c:51,-63,clicklist1-bah
d8:b1:90:bb:98:b1,-83,clicklist1-bah
d8:b1:90:be:24:e1,-56,clicklist1-bah
d8:b1:90:b2:ba:a1,-61,clicklist1-bah
d8:b1:90:b2:be:31,-82,clicklist1-bah
d8:b1:90:b1:f2:c1,-83,clicklist1-bah
d8:b1:90:b2:ba:a1,-61,clicklist1-bah
d8:b1:90:c9:08:51,-80,clicklist1-bah
d8:b1:90:bb:98:b1,-83,clicklist1-bah
d8:b1:90:c4:5c:51,-62,clicklist1-bah
d8:b1:90:be:24:e1,-56,clicklist1-bah
d8:b1:90:c4:5c:51,-63,clicklist1-bah
d8:b1:90:b2:ba:a1,-61,clicklist1-bah
d8:b1:90:b1:f2:c1,-83,clicklist1-bah
d8:b1:90:b2:be:31,-81,clicklist1-bah
d8:b1:90:c9:08:51,-80,clicklist1-bah
d8:b1:90:be:24:e1,-56,clicklist1-bah
d8:b1:90:bb:98:b1,-83,clicklist1-bah
d8:b1:90:b2:ba:a1,-61,clicklist1-bah
d8:b1:90:c9:08:51,-80,clicklist1-bah
d8:b1:90:b1:f2:c1,-83,clicklist1-bah
d8:b1:90:be:24:e1,-56,clicklist1-bah
d8:b1:90:c4:5c:51,-63,clicklist1-bah
d8:b1:90:b2:be:31,-81,clicklist1-bah
d8:b1:90:b1:f2:c1,-83,clicklist1-bah
d8:b1:90:c9:08:51,-80,clicklist1-bah
d8:b1:90:c4:5c:51,-63,clicklist1-bah
d8:b1:90:b2:ba:a1,-61,clicklist1-bah
d8:b1:90:b2:be:31,-81,clicklist1-bah
d8:b1:90:bb:98:b1,-82,clicklist1-bah
d8:b1:90:be:24:e1,-56,clicklist1-bah
d8:b1:90:bb:98:b1,-82,clicklist1-bah
d8:b1:90:b1:f2:c1,-83,clicklist1-bah
d8:b1:90:be:24:e1,-56,clicklist1-bah
d8:b1:90:b2:be:31,-82,clicklist1-bah
d8:b1:90:c4:5c:51,-63,clicklist1-bah
d8:b1:90:b2:ba:a1,-61,clicklist1-bah
d8:b1:90:c4:5c:51,-63,clicklist1-bah
d8:b1:90:b2:be:31,-82,clicklist1-bah
d8:b1:90:bb:98:b1,-82,clicklist1-bah
d8:b1:90:b2:ba:a1,-61,clicklist1-bah
d8:b1:90:b1:f2:c1,-83,clicklist1-bah
d8:b1:90:be:24:e1,-55,clicklist1-bah
d8:b1:90:c4:5c:51,-63,clicklist1-bah
d8:b1:90:bb:98:b1,-82,clicklist1-bah
d8:b1:90:b1:f2:c1,-83,clicklist1-bah
d8:b1:90:b2:ba:a1,-61,clicklist1-bah
d8:b1:90:b2:be:31,-82,clicklist1-bah
d8:b1:90:be:24:e1,-55,clicklist1-bah
d8:b1:90:b2:be:31,-82,clicklist1-bah
d8:b1:90:be:24:e1,-55,clicklist1-bah
d8:b1:90:b1:f2:c1,-83,clicklist1-bah
d8:b1:90:b2:ba:a1,-61,clicklist1-bah
d8:b1:90:bb:98:b1,-82,clicklist1-bah
d8:b1:90:c4:5c:41,-57,clicklist1-bah
d8:b1:90:c4:5c:51,-63,clicklist1-bah
d8:b1:90:c9:08:51,-82,clicklist1-bah
d8:b1:90:b1:f2:c1,-83,clicklist1-bah
d8:b1:90:be:24:e1,-54,clicklist1-bah
d8:b1:90:bb:98:b1,-82,clicklist1-bah
d8:b1:90:b2:be:31,-83,clicklist1-bah
d8:b1:90:c4:5c:51,-63,clicklist1-bah
d8:b1:90:c4:5c:41,-56,clicklist1-bah
d8:b1:90:b1:f2:c1,-83,clicklist1-bah
d8:b1:90:c9:08:51,-82,clicklist1-bah
d8:b1:90:b2:be:31,-83,clicklist1-bah
d8:b1:90:c4:5c:51,-63,clicklist1-bah
d8:b1:90:c4:5c:41,-56,clicklist1-bah
d8:b1:90:be:24:e1,-55,clicklist1-bah
d8:b1:90:c4:5c:51,-63,clicklist1-bah
d8:b1:90:be:24:e1,-55,clicklist1-bah
d8:b1:90:c4:5c:41,-56,clicklist1-bah
d8:b1:90:c9:08:51,-81,clicklist1-bah
d8:b1:90:b2:be:31,-82,clicklist1-bah
d8:b1:90:b2:ba:a1,-62,clicklist1-bah
d8:b1:90:b1:f2:c1,-84,clicklist1-bah
d8:b1:90:bb:98:b1,-83,clicklist1-bah
d8:b1:90:c9:08:51,-81,clicklist1-bah
d8:b1:90:c4:5c:41,-56,clicklist1-bah
d8:b1:90:be:24:e1,-55,clicklist1-bah
d8:b1:90:b2:be:31,-82,clicklist1-bah
d8:b1:90:b2:ba:a1,-62,clicklist1-bah
d8:b1:90:c4:5c:51,-63,clicklist1-bah
d8:b1:90:b2:be:31,-82,clicklist1-bah
d8:b1:90:bb:98:b1,-83,clicklist1-bah
d8:b1:90:b1:f2:c1,-84,clicklist1-bah
d8:b1:90:c9:08:51,-80,clicklist1-bah
d8:b1:90:be:24:e1,-55,clicklist1-bah
d8:b1:90:c4:5c:51,-63,clicklist1-bah
d8:b1:90:b2:ba:a1,-62,clicklist1-bah
d8:b1:90:c4:5c:41,-56,clicklist1-bah
d8:b1:90:b2:be:31,-82,clicklist1-bah
d8:b1:90:c4:5c:41,-56,clicklist1-bah
d8:b1:90:75:33:b1,-84,clicklist1-bah
d8:b1:90:b2:ba:a1,-62,clicklist1-bah
d8:b1:90:b1:f2:c1,-84,clicklist1-bah
d8:b1:90:be:24:e1,-55,clicklist1-bah
d8:b1:90:c4:5c:51,-63,clicklist1-bah
d8:b1:90:bb:98:b1,-83,clicklist1-bah
d8:b1:90:c9:08:51,-80,clicklist1-bah
d8:b1:90:c4:5c:51,-59,clicklist2-pha
d8:b1:90:b2:ba:a1,-66,clicklist2-pha
d8:b1:90:b2:be:31,-82,clicklist2-pha
d8:b1:90:75:33:b1,-84,clicklist2-pha
a8:9d:21:98:33:c1,-83,clicklist2-pha
d8:b1:90:c9:08:51,-75,clicklist2-pha
d8:b1:90:bb:98:b1,-78,clicklist2-pha
d8:b1:90:b1:f2:c1,-77,clicklist2-pha
d8:b1:90:b2:be:31,-82,clicklist2-pha
d8:b1:90:b2:ba:a1,-66,clicklist2-pha
d8:b1:90:b1:f2:c1,-76,clicklist2-pha
d8:b1:90:75:33:b1,-84,clicklist2-pha
a8:9d:21:98:33:c1,-83,clicklist2-pha
d8:b1:90:c9:08:51,-75,clicklist2-pha
d8:b1:90:bb:98:b1,-80,clicklist2-pha
d8:b1:90:c4:5c:51,-59,clicklist2-pha
d8:b1:90:c4:5c:51,-54,clicklist2-pha
d8:b1:90:c9:08:51,-75,clicklist2-pha
d8:b1:90:b2:be:31,-82,clicklist2-pha
a8:9d:21:98:33:c1,-83,clicklist2-pha
d8:b1:90:bb:98:b1,-80,clicklist2-pha
d8:b1:90:c4:5c:41,-62,clicklist2-pha
d8:b1:90:b2:ba:a1,-66,clicklist2-pha
d8:b1:90:b1:f2:c1,-74,clicklist2-pha
d8:b1:90:c9:08:51,-80,clicklist2-pha
d8:b1:90:bb:98:b1,-80,clicklist2-pha
a8:9d:21:98:33:c1,-83,clicklist2-pha
d8:b1:90:c4:5c:41,-66,clicklist2-pha
d8:b1:90:be:24:e1,-65,clicklist2-pha
d8:b1:90:b1:f2:c1,-73,clicklist2-pha
d8:b1:90:b2:ba:a1,-64,clicklist2-pha
d8:b1:90:c4:5c:51,-49,clicklist2-pha
d8:b1:90:c4:5c:51,-49,clicklist2-pha
d8:b1:90:bb:98:b1,-75,clicklist2-pha
d8:b1:90:c4:5c:41,-66,clicklist2-pha
d8:b1:90:b2:ba:a1,-64,clicklist2-pha
d8:b1:90:c9:08:51,-80,clicklist2-pha
d8:b1:90:b1:f2:c1,-73,clicklist2-pha
d8:b1:90:be:24:e1,-65,clicklist2-pha
d8:b1:90:c4:5c:41,-66,clicklist2-pha
d8:b1:90:be:24:e1,-65,clicklist2-pha
d8:b1:90:c4:5c:51,-53,clicklist2-pha
d8:b1:90:b2:ba:a1,-64,clicklist2-pha
d8:b1:90:c9:08:51,-80,clicklist2-pha
d8:b1:90:bb:98:b1,-76,clicklist2-pha
d8:b1:90:b1:f2:c1,-78,clicklist2-pha
d8:b1:90:be:24:e1,-65,clicklist2-pha
d8:b1:90:c9:08:51,-83,clicklist2-pha
d8:b1:90:bb:98:b1,-76,clicklist2-pha
d8:b1:90:b1:f2:c1,-78,clicklist2-pha
d8:b1:90:c4:5c:41,-63,clicklist2-pha
d8:b1:90:b2:ba:a1,-64,clicklist2-pha
d8:b1:90:c4:5c:51,-54,clicklist2-pha
d8:b1:90:b2:ba:a1,-63,clicklist2-pha
d8:b1:90:bb:98:b1,-76,clicklist2-pha
d8:b1:90:c4:5c:51,-54,clicklist2-pha
d8:b1:90:c9:08:51,-80,clicklist2-pha
d8:b1:90:be:24:e1,-67,clicklist2-pha
d8:b1:90:c4:5c:41,-63,clicklist2-pha
a8:9d:21:98:33:c1,-86,clicklist2-pha
d8:b1:90:b1:f2:c1,-82,clicklist2-pha
d8:b1:90:c4:5c:41,-63,clicklist2-pha
d8:b1:90:be:24:e1,-67,clicklist2-pha
d8:b1:90:bb:98:b1,-76,clicklist2-pha
d8:b1:90:b2:ba:a1,-63,clicklist2-pha
d8:b1:90:c9:08:51,-83,clicklist2-pha
a8:9d:21:98:33:c1,-86,clicklist2-pha
d8:b1:90:c4:5c:51,-55,clicklist2-pha
d8:b1:90:b1:f2:c1,-82,clicklist2-pha
d8:b1:90:b1:f2:c1,-82,clicklist2-pha
d8:b1:90:be:24:e1,-67,clicklist2-pha
d8:b1:90:c9:08:51,-83,clicklist2-pha
a8:9d:21:98:33:c1,-86,clicklist2-pha
d8:b1:90:c4:5c:41,-63,clicklist2-pha
d8:b1:90:b2:ba:a1,-63,clicklist2-pha
d8:b1:90:c4:5c:51,-55,clicklist2-pha
d8:b1:90:bb:98:b1,-74,clicklist2-pha
d8:b1:90:b2:ba:a1,-63,clicklist2-pha
d8:b1:90:b1:f2:c1,-82,clicklist2-pha
d8:b1:90:c4:5c:51,-54,clicklist2-pha
d8:b1:90:bb:98:b1,-76,clicklist2-pha
d8:b1:90:be:24:e1,-67,clicklist2-pha
d8:b1:90:c4:5c:41,-61,clicklist2-pha
d8:b1:90:c9:08:51,-83,clicklist2-pha
a8:9d:21:98:33:c1,-86,clicklist2-pha
d8:b1:90:c4:5c:41,-61,clicklist2-pha
d8:b1:90:be:24:e1,-67,clicklist2-pha
d8:b1:90:c9:08:51,-83,clicklist2-pha
d8:b1:90:bb:98:b1,-76,clicklist2-pha
d8:b1:90:b2:ba:a1,-63,clicklist2-pha
d8:b1:90:b1:f2:c1,-80,clicklist2-pha
d8:b1:90:c4:5c:51,-54,clicklist2-pha
d8:b1:90:b2:ba:a1,-64,clicklist2-pha
d8:b1:90:b1:f2:c1,-80,clicklist2-pha
d8:b1:90:c4:5c:41,-61,clicklist2-pha
d8:b1:90:bb:98:b1,-76,clicklist2-pha
d8:b1:90:c4:5c:51,-55,clicklist2-pha
d8:b1:90:b2:ba:a1,-64,clicklist2-pha
d8:b1:90:bb:98:b1,-76,clicklist2-pha
d8:b1:90:b1:f2:c1,-81,clicklist2-pha
d8:b1:90:c4:5c:41,-61,clicklist2-pha
d8:b1:90:c4:5c:51,-55,clicklist2-pha
d8:b1:90:b1:f2:c1,-81,clicklist2-pha
d8:b1:90:b2:ba:a1,-64,clicklist2-pha
d8:b1:90:c4:5c:51,-55,clicklist2-pha
d8:b1:90:c4:5c:41,-61,clicklist2-pha
d8:b1:90:bb:98:b1,-76,clicklist2-pha
d8:b1:90:b2:ba:a1,-64,clicklist2-pha
d8:b1:90:c4:5c:41,-61,clicklist2-pha
d8:b1:90:b1:f2:c1,-81,clicklist2-pha
d8:b1:90:bb:98:b1,-75,clicklist2-pha
d8:b1:90:c9:08:51,-82,clicklist2-pha
d8:b1:90:c4:5c:51,-53,clicklist2-pha
d8:b1:90:be:24:e1,-66,clicklist2-pha
d8:b1:90:b2:ba:a1,-64,clicklist2-pha
d8:b1:90:c4:5c:51,-53,clicklist2-pha
d8:b1:90:be:24:e1,-66,clicklist2-pha
d8:b1:90:bb:98:b1,-75,clicklist2-pha
d8:b1:90:b1:f2:c1,-81,clicklist2-pha
d8:b1:90:c4:5c:41,-61,clicklist2-pha
d8:b1:90:c9:08:51,-82,clicklist2-pha
d8:b1:90:be:24:e1,-66,clicklist2-pha
d8:b1:90:b2:ba:a1,-64,clicklist2-pha
d8:b1:90:b1:f2:c1,-81,clicklist2-pha
d8:b1:90:c4:5c:51,-54,clicklist2-pha
d8:b1:90:bb:98:b1,-75,clicklist2-pha
d8:b1:90:c9:08:51,-82,clicklist2-pha
d8:b1:90:be:24:e1,-66,clicklist2-pha
d8:b1:90:c4:5c:51,-54,clicklist2-pha
d8:b1:90:c9:08:51,-82,clicklist2-pha
d8:b1:90:b1:f2:c1,-82,clicklist2-pha
d8:b1:90:bb:98:b1,-75,clicklist2-pha
d8:b1:90:b2:ba:a1,-64,clicklist2-pha
d8:b1:90:c4:5c:51,-55,clicklist2-pha
d8:b1:90:b1:f2:c1,-82,clicklist2-pha
d8:b1:90:b2:ba:a1,-64,clicklist2-pha
d8:b1:90:c9:08:51,-84,clicklist2-pha
d8:b1:90:bb:98:b1,-79,clicklist2-pha
d8:b1:90:bb:98:b1,-79,clicklist2-pha
d8:b1:90:b1:f2:c1,-82,clicklist2-pha
d8:b1:90:c4:5c:51,-55,clicklist2-pha
d8:b1:90:b2:ba:a1,-64,clicklist2-pha
d8:b1:90:c9:08:51,-81,clicklist2-pha
d8:b1:90:c4:5c:51,-54,clicklist2-pha
d8:b1:90:b1:f2:c1,-78,clicklist2-pha
d8:b1:90:bb:98:b1,-75,clicklist2-pha
d8:b1:90:c9:08:51,-81,clicklist2-pha
d8:b1:90:b2:ba:a1,-64,clicklist2-pha
d8:b1:90:b2:ba:a1,-64,clicklist3-sau
d8:b1:90:b1:f2:c1,-81,clicklist3-sau
d8:b1:90:c9:08:51,-81,clicklist3-sau
d8:b1:90:c4:5c:41,-59,clicklist3-sau
d8:b1:90:c4:5c:51,-57,clicklist3-sau
d8:b1:90:bb:98:b1,-78,clicklist3-sau
d8:b1:90:c4:5c:51,-52,clicklist3-sau
d8:b1:90:b1:f2:c1,-78,clicklist3-sau
d8:b1:90:bb:98:b1,-78,clicklist3-sau
d8:b1:90:c9:08:51,-77,clicklist3-sau
d8:b1:90:c4:5c:41,-59,clicklist3-sau
d8:b1:90:c4:5c:51,-56,clicklist3-sau
d8:b1:90:c4:5c:41,-59,clicklist3-sau
d8:b1:90:b1:f2:c1,-77,clicklist3-sau
d8:b1:90:c9:08:51,-77,clicklist3-sau
d8:b1:90:bb:98:b1,-78,clicklist3-sau
d8:b1:90:be:24:e1,-72,clicklist3-sau
d8:b1:90:c9:08:51,-70,clicklist3-sau
d8:b1:90:75:33:b1,-82,clicklist3-sau
d8:b1:90:c4:5c:41,-67,clicklist3-sau
d8:b1:90:bb:98:b1,-78,clicklist3-sau
d8:b1:90:c4:5c:51,-57,clicklist3-sau
d8:b1:90:b1:f2:c1,-77,clicklist3-sau
d8:b1:90:c4:5c:51,-57,clicklist3-sau
d8:b1:90:c9:05:71,-85,clicklist3-sau
d8:b1:90:b1:f2:c1,-77,clicklist3-sau
d8:b1:90:be:24:e1,-69,clicklist3-sau
d8:b1:90:c4:5c:41,-67,clicklist3-sau
d8:b1:90:bb:98:b1,-78,clicklist3-sau
d8:b1:90:c9:08:51,-69,clicklist3-sau
d8:b1:90:75:33:b1,-82,clicklist3-sau
d8:b1:90:75:33:b1,-82,clicklist3-sau
d8:b1:90:bb:98:b1,-78,clicklist3-sau
d8:b1:90:c9:08:51,-69,clicklist3-sau
d8:b1:90:be:24:e1,-66,clicklist3-sau
d8:b1:90:b1:f2:c1,-78,clicklist3-sau
d8:b1:90:c9:05:71,-85,clicklist3-sau
d8:b1:90:c4:5c:51,-57,clicklist3-sau
d8:b1:90:c4:5c:41,-67,clicklist3-sau
d8:b1:90:c9:05:71,-85,clicklist3-sau
d8:b1:90:be:24:e1,-66,clicklist3-sau
d8:b1:90:b1:f2:c1,-81,clicklist3-sau
d8:b1:90:c4:5c:51,-56,clicklist3-sau
d8:b1:90:c9:08:51,-69,clicklist3-sau
d8:b1:90:75:33:b1,-82,clicklist3-sau
d8:b1:90:c4:5c:41,-67,clicklist3-sau
d8:b1:90:bb:98:b1,-79,clicklist3-sau
d8:b1:90:be:24:e1,-65,clicklist3-sau
d8:b1:90:75:33:b1,-80,clicklist3-sau
d8:b1:90:c4:5c:41,-67,clicklist3-sau
d8:b1:90:bb:98:b1,-79,clicklist3-sau
d8:b1:90:b2:ba:a1,-61,clicklist3-sau
d8:b1:90:c9:08:51,-68,clicklist3-sau
d8:b1:90:c4:5c:51,-56,clicklist3-sau
d8:b1:90:b1:f2:c1,-79,clicklist3-sau
d8:b1:90:c9:05:71,-85,clicklist3-sau
d8:b1:90:c4:5c:41,-67,clicklist3-sau
d8:b1:90:c9:05:71,-85,clicklist3-sau
d8:b1:90:75:33:b1,-78,clicklist3-sau
d8:b1:90:c9:08:51,-68,clicklist3-sau
d8:b1:90:b2:ba:a1,-61,clicklist3-sau
d8:b1:90:bb:98:b1,-78,clicklist3-sau
d8:b1:90:be:24:e1,-65,clicklist3-sau
d8:b1:90:b1:f2:c1,-80,clicklist3-sau
d8:b1:90:c4:5c:51,-56,clicklist3-sau
d8:b1:90:b1:f2:c1,-77,clicklist3-sau
d8:b1:90:c9:05:71,-85,clicklist3-sau
d8:b1:90:75:33:b1,-78,clicklist3-sau
d8:b1:90:bb:98:b1,-78,clicklist3-sau
d8:b1:90:c9:08:51,-67,clicklist3-sau
d8:b1:90:be:24:e1,-69,clicklist3-sau
d8:b1:90:c4:5c:51,-54,clicklist3-sau
d8:b1:90:b2:ba:a1,-61,clicklist3-sau
d8:b1:90:c9:08:51,-67,clicklist3-sau
d8:b1:90:b1:f2:c1,-77,clicklist3-sau
d8:b1:90:c9:05:71,-85,clicklist3-sau
d8:b1:90:b2:ba:a1,-61,clicklist3-sau
d8:b1:90:be:24:e1,-69,clicklist3-sau
d8:b1:90:bb:98:b1,-77,clicklist3-sau
d8:b1:90:c4:5c:51,-54,clicklist3-sau
d8:b1:90:75:33:b1,-79,clicklist3-sau
d8:b1:90:c4:5c:51,-54,clicklist3-sau
d8:b1:90:c4:5c:41,-68,clicklist3-sau
d8:b1:90:be:24:e1,-69,clicklist3-sau
d8:b1:90:bb:98:b1,-77,clicklist3-sau
d8:b1:90:c9:08:51,-67,clicklist3-sau
d8:b1:90:75:33:b1,-79,clicklist3-sau
d8:b1:90:b1:f2:c1,-77,clicklist3-sau
d8:b1:90:be:24:e1,-69,clicklist3-sau
d8:b1:90:bb:98:b1,-78,clicklist3-sau
d8:b1:90:b1:f2:c1,-77,clicklist3-sau
d8:b1:90:c4:5c:51,-56,clicklist3-sau
d8:b1:90:c4:5c:41,-68,clicklist3-sau
d8:b1:90:75:33:b1,-79,clicklist3-sau
d8:b1:90:c9:08:51,-68,clicklist3-sau
d8:b1:90:c4:5c:51,-53,clicklist3-sau
d8:b1:90:c4:5c:41,-68,clicklist3-sau
d8:b1:90:75:33:b1,-79,clicklist3-sau
d8:b1:90:c9:05:71,-85,clicklist3-sau
d8:b1:90:bb:98:b1,-78,clicklist3-sau
d8:b1:90:c9:08:51,-72,clicklist3-sau
d8:b1:90:b1:f2:c1,-77,clicklist3-sau
d8:b1:90:c9:08:51,-71,clicklist3-sau
d8:b1:90:75:33:b1,-80,clicklist3-sau
d8:b1:90:c4:5c:51,-53,clicklist3-sau
d8:b1:90:c4:5c:41,-68,clicklist3-sau
d8:b1:90:c9:05:71,-85,clicklist3-sau
d8:b1:90:bb:98:b1,-78,clicklist3-sau
d8:b1:90:b1:f2:c1,-77,clicklist3-sau
d8:b1:90:c9:05:71,-85,clicklist3-sau
d8:b1:90:c9:08:51,-71,clicklist3-sau
d8:b1:90:bb:98:b1,-78,clicklist3-sau
d8:b1:90:75:33:b1,-81,clicklist3-sau
d8:b1:90:b1:f2:c1,-82,clicklist3-sau
d8:b1:90:c4:5c:51,-53,clicklist3-sau
d8:b1:90:bb:98:b1,-78,clicklist3-sau
d8:b1:90:b1:f2:c1,-82,clicklist3-sau
d8:b1:90:b2:ba:a1,-69,clicklist3-sau
d8:b1:90:c9:05:71,-84,clicklist3-sau
d8:b1:90:c4:5c:51,-53,clicklist3-sau
d8:b1:90:75:33:b1,-81,clicklist3-sau
d8:b1:90:c9:08:51,-71,clicklist3-sau
d8:b1:90:c9:08:51,-71,clicklist3-sau
d8:b1:90:75:33:b1,-81,clicklist3-sau
d8:b1:90:c9:05:71,-84,clicklist3-sau
d8:b1:90:b2:ba:a1,-69,clicklist3-sau
d8:b1:90:c4:5c:51,-53,clicklist3-sau
d8:b1:90:bb:98:b1,-78,clicklist3-sau
d8:b1:90:b1:f2:c1,-82,clicklist3-sau
d8:b1:90:c9:08:51,-70,clicklist3-sau
d8:b1:90:c4:5c:41,-64,clicklist3-sau
d8:b1:90:c9:05:71,-84,clicklist3-sau
d8:b1:90:c4:5c:51,-53,clicklist3-sau
d8:b1:90:75:33:b1,-79,clicklist3-sau
d8:b1:90:b2:ba:a1,-69,clicklist3-sau
d8:b1:90:b1:f2:c1,-82,clicklist3-sau
d8:b1:90:bb:98:b1,-78,clicklist3-sau
d8:b1:90:bb:98:b1,-77,pharmacy1-cl
d8:b1:90:75:33:b1,-80,pharmacy1-cl
d8:b1:90:c9:08:51,-70,pharmacy1-cl
d8:b1:90:c4:5c:41,-64,pharmacy1-cl
d8:b1:90:be:24:e1,-70,pharmacy1-cl
d8:b1:90:b2:ba:a1,-62,pharmacy1-cl
d8:b1:90:c4:5c:51,-41,pharmacy1-cl
d8:b1:90:c9:05:71,-84,pharmacy1-cl
d8:b1:90:b1:f2:c1,-80,pharmacy1-cl
d8:b1:90:c4:5c:41,-66,pharmacy1-cl
d8:b1:90:c4:5c:51,-40,pharmacy1-cl
d8:b1:90:b2:ba:a1,-62,pharmacy1-cl
d8:b1:90:75:33:b1,-80,pharmacy1-cl
d8:b1:90:c9:08:51,-70,pharmacy1-cl
d8:b1:90:bb:98:b1,-73,pharmacy1-cl
d8:b1:90:be:24:e1,-70,pharmacy1-cl
d8:b1:90:b1:f2:c1,-73,pharmacy1-cl
d8:b1:90:75:33:b1,-80,pharmacy1-cl
d8:b1:90:b1:f2:c1,-73,pharmacy1-cl
d8:b1:90:bb:98:b1,-77,pharmacy1-cl
d8:b1:90:c4:5c:51,-42,pharmacy1-cl
d8:b1:90:b2:ba:a1,-62,pharmacy1-cl
d8:b1:90:c9:08:51,-70,pharmacy1-cl
d8:b1:90:c4:5c:41,-66,pharmacy1-cl
d8:b1:90:be:24:e1,-64,pharmacy1-cl
d8:b1:90:c4:5c:41,-66,pharmacy1-cl
d8:b1:90:b2:ba:a1,-62,pharmacy1-cl
d8:b1:90:c4:5c:51,-43,pharmacy1-cl
d8:b1:90:c9:08:51,-70,pharmacy1-cl
d8:b1:90:be:24:e1,-64,pharmacy1-cl
d8:b1:90:b1:f2:c1,-73,pharmacy1-cl
d8:b1:90:75:33:b1,-80,pharmacy1-cl
d8:b1:90:bb:98:b1,-77,pharmacy1-cl
d8:b1:90:b1:f2:c1,-76,pharmacy1-cl
d8:b1:90:c4:5c:41,-65,pharmacy1-cl
d8:b1:90:b2:ba:a1,-61,pharmacy1-cl
d8:b1:90:be:24:e1,-66,pharmacy1-cl
d8:b1:90:bb:98:b1,-77,pharmacy1-cl
d8:b1:90:c4:5c:51,-42,pharmacy1-cl
d8:b1:90:c4:5c:51,-42,pharmacy1-cl
d8:b1:90:b2:ba:a1,-61,pharmacy1-cl
d8:b1:90:be:24:e1,-66,pharmacy1-cl
d8:b1:90:c4:5c:41,-65,pharmacy1-cl
d8:b1:90:b1:f2:c1,-76,pharmacy1-cl
d8:b1:90:c9:08:51,-76,pharmacy1-cl
d8:b1:90:bb:98:b1,-78,pharmacy1-cl
d8:b1:90:bb:98:b1,-77,pharmacy1-cl
d8:b1:90:c4:5c:51,-42,pharmacy1-cl
d8:b1:90:c9:08:51,-74,pharmacy1-cl
d8:b1:90:b2:ba:a1,-61,pharmacy1-cl
d8:b1:90:be:24:e1,-66,pharmacy1-cl
d8:b1:90:b1:f2:c1,-76,pharmacy1-cl
d8:b1:90:c4:5c:41,-69,pharmacy1-cl
d8:b1:90:c4:5c:51,-43,pharmacy1-cl
d8:b1:90:c4:5c:41,-69,pharmacy1-cl
d8:b1:90:be:24:e1,-65,pharmacy1-cl
d8:b1:90:b2:ba:a1,-61,pharmacy1-cl
d8:b1:90:b1:f2:c1,-76,pharmacy1-cl
d8:b1:90:c9:08:51,-74,pharmacy1-cl
d8:b1:90:bb:98:b1,-77,pharmacy1-cl
d8:b1:90:bb:98:b1,-77,pharmacy1-cl
d8:b1:90:c9:08:51,-78,pharmacy1-cl
d8:b1:90:c4:5c:51,-42,pharmacy1-cl
d8:b1:90:b1:f2:c1,-76,pharmacy1-cl
d8:b1:90:be:24:e1,-65,pharmacy1-cl
d8:b1:90:c4:5c:41,-68,pharmacy1-cl
d8:b1:90:c9:08:51,-76,pharmacy1-cl
d8:b1:90:c4:5c:41,-68,pharmacy1-cl
d8:b1:90:bb:98:b1,-77,pharmacy1-cl
d8:b1:90:be:24:e1,-65,pharmacy1-cl
d8:b1:90:b2:ba:a1,-64,pharmacy1-cl
d8:b1:90:c4:5c:51,-43,pharmacy1-cl
d8:b1:90:b1:f2:c1,-78,pharmacy1-cl
d8:b1:90:bb:98:b1,-77,pharmacy1-cl
d8:b1:90:be:24:e1,-65,pharmacy1-cl
d8:b1:90:b2:ba:a1,-64,pharmacy1-cl
d8:b1:90:c9:08:51,-76,pharmacy1-cl
d8:b1:90:c4:5c:41,-68,pharmacy1-cl
d8:b1:90:b1:f2:c1,-76,pharmacy1-cl
d8:b1:90:c4:5c:51,-43,pharmacy1-cl
d8:b1:90:b1:f2:c1,-75,pharmacy1-cl
d8:b1:90:c4:5c:51,-43,pharmacy1-cl
d8:b1:90:b2:ba:a1,-64,pharmacy1-cl
d8:b1:90:c9:08:51,-76,pharmacy1-cl
d8:b1:90:c4:5c:41,-68,pharmacy1-cl
d8:b1:90:bb:98:b1,-77,pharmacy1-cl
d8:b1:90:b2:ba:a1,-64,pharmacy1-cl
d8:b1:90:c4:5c:51,-43,pharmacy1-cl
d8:b1:90:c4:5c:41,-67,pharmacy1-cl
d8:b1:90:bb:98:b1,-78,pharmacy1-cl
d8:b1:90:c9:08:51,-76,pharmacy1-cl
d8:b1:90:b1:f2:c1,-75,pharmacy1-cl
d8:b1:90:b1:f2:c1,-76,pharmacy1-cl
d8:b1:90:b2:ba:a1,-64,pharmacy1-cl
d8:b1:90:c4:5c:41,-67,pharmacy1-cl
d8:b1:90:c4:5c:51,-43,pharmacy1-cl
d8:b1:90:c9:08:51,-80,pharmacy1-cl
d8:b1:90:bb:98:b1,-79,pharmacy1-cl
d8:b1:90:b2:ba:a1,-66,pharmacy1-cl
d8:b1:90:c4:5c:41,-68,pharmacy1-cl
d8:b1:90:bb:98:b1,-77,pharmacy1-cl
d8:b1:90:c9:08:51,-76,pharmacy1-cl
d8:b1:90:b1:f2:c1,-76,pharmacy1-cl
d8:b1:90:c4:5c:51,-42,pharmacy1-cl
d8:b1:90:c4:5c:41,-66,pharmacy1-cl
d8:b1:90:c9:08:51,-76,pharmacy1-cl
d8:b1:90:bb:98:b1,-77,pharmacy1-cl
d8:b1:90:c4:5c:51,-43,pharmacy1-cl
d8:b1:90:b2:ba:a1,-66,pharmacy1-cl
d8:b1:90:b1:f2:c1,-76,pharmacy1-cl
d8:b1:90:c4:5c:51,-43,pharmacy1-cl
d8:b1:90:b1:f2:c1,-76,pharmacy1-cl
d8:b1:90:c9:08:51,-76,pharmacy1-cl
d8:b1:90:b2:ba:a1,-66,pharmacy1-cl
d8:b1:90:c4:5c:41,-66,pharmacy1-cl
d8:b1:90:bb:98:b1,-77,pharmacy1-cl
d8:b1:90:b2:ba:a1,-66,pharmacy1-cl
d8:b1:90:b1:f2:c1,-76,pharmacy1-cl
d8:b1:90:c4:5c:41,-68,pharmacy1-cl
d8:b1:90:c9:08:51,-73,pharmacy1-cl
d8:b1:90:c4:5c:51,-43,pharmacy1-cl
d8:b1:90:bb:98:b1,-78,pharmacy1-cl
d8:b1:90:bb:98:b1,-78,pharmacy1-cl
d8:b1:90:c4:5c:41,-68,pharmacy1-cl
d8:b1:90:c9:08:51,-76,pharmacy1-cl
d8:b1:90:b1:f2:c1,-76,pharmacy1-cl
d8:b1:90:c4:5c:51,-43,pharmacy1-cl
d8:b1:90:bb:98:b1,-77,pharmacy1-cl
d8:b1:90:b2:ba:a1,-65,pharmacy1-cl
d8:b1:90:b1:f2:c1,-76,pharmacy1-cl
d8:b1:90:c4:5c:41,-68,pharmacy1-cl
d8:b1:90:c9:08:51,-75,pharmacy1-cl
d8:b1:90:c4:5c:51,-43,pharmacy1-cl
d8:b1:90:c9:08:51,-79,pharmacy2-recr
d8:b1:90:b1:f2:c1,-76,pharmacy2-recr
d8:b1:90:c4:5c:51,-59,pharmacy2-recr
d8:b1:90:b2:ba:a1,-66,pharmacy2-recr
d8:b1:90:bb:98:b1,-79,pharmacy2-recr
d8:b1:90:c4:5c:41,-68,pharmacy2-recr
d8:b1:90:bb:98:b1,-80,pharmacy2-recr
d8:b1:90:be:24:e1,-75,pharmacy2-recr
d8:b1:90:c9:08:51,-79,pharmacy2-recr
d8:b1:90:b2:ba:a1,-66,pharmacy2-recr
d8:b1:90:c4:5c:51,-60,pharmacy2-recr
d8:b1:90:b1:f2:c1,-76,pharmacy2-recr
d8:b1:90:c9:0a:c1,-86,pharmacy2-recr
d8:b1:90:c9:08:51,-79,pharmacy2-recr
d8:b1:90:b2:ba:a1,-63,pharmacy2-recr
d8:b1:90:c4:5c:51,-57,pharmacy2-recr
d8:b1:90:c4:5c:41,-75,pharmacy2-recr
d8:b1:90:bb:98:b1,-80,pharmacy2-recr
d8:b1:90:b1:f2:c1,-76,pharmacy2-recr
d8:b1:90:c9:0a:c1,-80,pharmacy2-recr
d8:b1:90:be:24:e1,-78,pharmacy2-recr
d8:b1:90:bb:98:b1,-81,pharmacy2-recr
d8:b1:90:c4:5c:41,-77,pharmacy2-recr
d8:b1:90:c9:0a:c1,-78,pharmacy2-recr
d8:b1:90:be:24:e1,-75,pharmacy2-recr
d8:b1:90:c9:08:51,-79,pharmacy2-recr
d8:b1:90:b2:ba:a1,-59,pharmacy2-recr
d8:b1:90:c4:5c:51,-58,pharmacy2-recr
d8:b1:90:be:24:e1,-76,pharmacy2-recr
d8:b1:90:c4:5c:51,-59,pharmacy2-recr
d8:b1:90:c4:5c:41,-77,pharmacy2-recr
d8:b1:90:b2:ba:a1,-59,pharmacy2-recr
d8:b1:90:c9:0a:c1,-79,pharmacy2-recr
d8:b1:90:bb:98:b1,-81,pharmacy2-recr
d8:b1:90:bb:98:b1,-79,pharmacy2-recr
d8:b1:90:c4:5c:41,-72,pharmacy2-recr
d8:b1:90:c9:0a:c1,-77,pharmacy2-recr
d8:b1:90:c4:5c:51,-58,pharmacy2-recr
a8:9d:21:98:33:c1,-85,pharmacy2-recr
d8:b1:90:be:24:e1,-77,pharmacy2-recr
d8:b1:90:b2:ba:a1,-59,pharmacy2-recr
d8:b1:90:be:24:e1,-77,pharmacy2-recr
a8:9d:21:98:33:c1,-85,pharmacy2-recr
d8:b1:90:b2:ba:a1,-59,pharmacy2-recr
d8:b1:90:bb:98:b1,-80,pharmacy2-recr
d8:b1:90:c4:5c:41,-74,pharmacy2-recr
d8:b1:90:c9:0a:c1,-77,pharmacy2-recr
d8:b1:90:c4:5c:51,-57,pharmacy2-recr
d8:b1:90:b1:f2:c1,-62,pharmacy2-recr
d8:b1:90:bb:98:b1,-81,pharmacy2-recr
a8:9d:21:98:33:c1,-85,pharmacy2-recr
d8:b1:90:c4:5c:41,-74,pharmacy2-recr
d8:b1:90:c9:0a:c1,-78,pharmacy2-recr
d8:b1:90:b1:f2:c1,-62,pharmacy2-recr
d8:b1:90:c4:5c:51,-57,pharmacy2-recr
d8:b1:90:be:24:e1,-77,pharmacy2-recr
d8:b1:90:c4:5c:51,-57,pharmacy2-recr
d8:b1:90:be:24:e1,-77,pharmacy2-recr
d8:b1:90:b1:f2:c1,-62,pharmacy2-recr
d8:b1:90:c4:5c:41,-74,pharmacy2-recr
d8:b1:90:c9:0a:c1,-80,pharmacy2-recr
a8:9d:21:98:33:c1,-85,pharmacy2-recr
d8:b1:90:bb:98:b1,-80,pharmacy2-recr
d8:b1:90:c4:5c:51,-58,pharmacy2-recr
d8:b1:90:b1:f2:c1,-62,pharmacy2-recr
d8:b1:90:b2:ba:a1,-61,pharmacy2-recr
d8:b1:90:c4:5c:41,-74,pharmacy2-recr
d8:b1:90:c9:0a:c1,-76,pharmacy2-recr
a8:9d:21:98:33:c1,-86,pharmacy2-recr
d8:b1:90:bb:98:b1,-80,pharmacy2-recr
d8:b1:90:be:24:e1,-81,pharmacy2-recr
a8:9d:21:98:33:c1,-86,pharmacy2-recr
d8:b1:90:be:24:e1,-81,pharmacy2-recr
d8:b1:90:b2:ba:a1,-60,pharmacy2-recr
d8:b1:90:bb:98:b1,-80,pharmacy2-recr
d8:b1:90:c9:0a:c1,-77,pharmacy2-recr
d8:b1:90:c4:5c:51,-58,pharmacy2-recr
d8:b1:90:c9:0a:c1,-78,pharmacy2-recr
d8:b1:90:b2:ba:a1,-60,pharmacy2-recr
a8:9d:21:98:33:c1,-86,pharmacy2-recr
d8:b1:90:be:24:e1,-79,pharmacy2-recr
d8:b1:90:c4:5c:51,-57,pharmacy2-recr
d8:b1:90:bb:98:b1,-80,pharmacy2-recr
d8:b1:90:c4:5c:51,-57,pharmacy2-recr
d8:b1:90:be:24:e1,-79,pharmacy2-recr
d8:b1:90:bb:98:b1,-80,pharmacy2-recr
a8:9d:21:98:33:c1,-86,pharmacy2-recr
d8:b1:90:b2:ba:a1,-60,pharmacy2-recr
d8:b1:90:c9:0a:c1,-80,pharmacy2-recr
d8:b1:90:bb:98:b1,-80,pharmacy2-recr
d8:b1:90:c4:5c:41,-74,pharmacy2-recr
a8:9d:21:98:33:c1,-84,pharmacy2-recr
d8:b1:90:b2:ba:a1,-60,pharmacy2-recr
d8:b1:90:be:24:e1,-75,pharmacy2-recr
d8:b1:90:c9:0a:c1,-80,pharmacy2-recr
d8:b1:90:c4:5c:51,-58,pharmacy2-recr
a8:9d:21:98:33:c1,-84,pharmacy2-recr
d8:b1:90:c4:5c:41,-74,pharmacy2-recr
d8:b1:90:bb:98:b1,-80,pharmacy2-recr
d8:b1:90:c9:0a:c1,-76,pharmacy2-recr
d8:b1:90:c4:5c:51,-58,pharmacy2-recr
d8:b1:90:be:24:e1,-75,pharmacy2-recr
d8:b1:90:c4:5c:41,-72,pharmacy2-recr
d8:b1:90:be:24:e1,-75,pharmacy2-recr
d8:b1:90:bb:98:b1,-80,pharmacy2-recr
d8:b1:90:c9:0a:c1,-76,pharmacy2-recr
d8:b1:90:c4:5c:51,-58,pharmacy2-recr
a8:9d:21:98:33:c1,-84,pharmacy2-recr
d8:b1:90:c4:5c:51,-58,pharmacy2-recr
d8:b1:90:bb:98:b1,-81,pharmacy2-recr
d8:b1:90:c4:5c:41,-72,pharmacy2-recr
a8:9d:21:98:33:c1,-84,pharmacy2-recr
d8:b1:90:be:24:e1,-73,pharmacy2-recr
d8:b1:90:b1:f2:c1,-62,pharmacy2-recr
d8:b1:90:c9:0a:c1,-80,pharmacy2-recr
d8:b1:90:b1:f2:c1,-62,pharmacy2-recr
d8:b1:90:c9:0a:c1,-78,pharmacy2-recr
d8:b1:90:c4:5c:51,-58,pharmacy2-recr
a8:9d:21:98:33:c1,-84,pharmacy2-recr
d8:b1:90:be:24:e1,-75,pharmacy2-recr
d8:b1:90:c4:5c:41,-72,pharmacy2-recr
d8:b1:90:bb:98:b1,-81,pharmacy2-recr
d8:b1:90:be:24:e1,-76,recruitment
d8:b1:90:c4:5c:51,-54,recruitment
d8:b1:90:b1:f2:c1,-62,recruitment
a8:9d:21:98:33:c1,-84,recruitment
d8:b1:90:b2:ba:a1,-60,recruitment
d8:b1:90:bb:98:b1,-80,recruitment
d8:b1:90:c9:0a:c1,-77,recruitment
d8:b1:90:b1:f2:c1,-58,recruitment
a8:9d:21:98:33:c1,-84,recruitment
d8:b1:90:bb:98:b1,-79,recruitment
d8:b1:90:be:24:e1,-76,recruitment
d8:b1:90:c4:5c:51,-64,recruitment
d8:b1:90:b2:ba:a1,-64,recruitment
d8:b1:90:c9:0a:c1,-77,recruitment
d8:b1:90:c4:5c:41,-72,recruitment
d8:b1:90:c4:5c:51,-55,recruitment
d8:b1:90:c9:0a:c1,-72,recruitment
d8:b1:90:be:24:e1,-76,recruitment
d8:b1:90:c9:08:51,-78,recruitment
d8:b1:90:b1:f2:c1,-58,recruitment
d8:b1:90:bb:98:b1,-79,recruitment
a8:9d:21:98:33:c1,-84,recruitment
d8:b1:90:b2:ba:a1,-64,recruitment
d8:b1:90:c4:5c:41,-71,recruitment
d8:b1:90:bb:98:b1,-79,recruitment
d8:b1:90:b2:ba:a1,-64,recruitment
d8:b1:90:c9:0a:c1,-72,recruitment
a8:9d:21:98:33:c1,-84,recruitment
d8:b1:90:c4:5c:41,-71,recruitment
d8:b1:90:c9:08:51,-78,recruitment
d8:b1:90:c4:5c:51,-53,recruitment
d8:b1:90:b1:f2:c1,-58,recruitment
d8:b1:90:be:24:e1,-76,recruitment
d8:b1:90:c4:5c:51,-52,recruitment
d8:b1:90:b1:f2:c1,-57,recruitment
d8:b1:90:b2:ba:a1,-64,recruitment
d8:b1:90:bb:98:b1,-79,recruitment
d8:b1:90:c4:5c:41,-66,recruitment
d8:b1:90:c9:0a:c1,-72,recruitment
d8:b1:90:c9:08:51,-78,recruitment
d8:b1:90:b1:f2:c1,-56,recruitment
d8:b1:90:c4:5c:51,-52,recruitment
d8:b1:90:c9:08:51,-78,recruitment
d8:b1:90:b2:ba:a1,-67,recruitment
d8:b1:90:c9:0a:c1,-72,recruitment
d8:b1:90:bb:98:b1,-76,recruitment
d8:b1:90:c4:5c:41,-66,recruitment
d8:b1:90:b2:ba:a1,-67,recruitment
d8:b1:90:c4:5c:51,-52,recruitment
d8:b1:90:bb:98:b1,-76,recruitment
d8:b1:90:c4:5c:41,-66,recruitment
d8:b1:90:be:24:e1,-69,recruitment
d8:b1:90:c9:08:51,-79,recruitment
d8:b1:90:b1:f2:c1,-56,recruitment
d8:b1:90:b2:ba:a1,-67,recruitment
d8:b1:90:be:24:e1,-69,recruitment
d8:b1:90:bb:98:b1,-76,recruitment
d8:b1:90:c4:5c:51,-52,recruitment
d8:b1:90:b1:f2:c1,-56,recruitment
d8:b1:90:c9:08:51,-78,recruitment
d8:b1:90:c4:5c:41,-69,recruitment
d8:b1:90:c4:5c:51,-52,recruitment
d8:b1:90:b2:ba:a1,-67,recruitment
d8:b1:90:bb:98:b1,-76,recruitment
d8:b1:90:b1:f2:c1,-56,recruitment
d8:b1:90:c4:5c:41,-69,recruitment
d8:b1:90:c9:08:51,-78,recruitment
d8:b1:90:be:24:e1,-69,recruitment
d8:b1:90:b2:ba:a1,-67,recruitment
d8:b1:90:b1:f2:c1,-56,recruitment
d8:b1:90:bb:98:b1,-75,recruitment
d8:b1:90:c4:5c:51,-53,recruitment
d8:b1:90:c9:08:51,-79,recruitment
d8:b1:90:be:24:e1,-69,recruitment
d8:b1:90:c4:5c:41,-69,recruitment
d8:b1:90:c4:5c:41,-69,recruitment
d8:b1:90:c4:5c:51,-53,recruitment
d8:b1:90:be:24:e1,-69,recruitment
d8:b1:90:b2:ba:a1,-67,recruitment
d8:b1:90:c9:08:51,-79,recruitment
d8:b1:90:bb:98:b1,-75,recruitment
d8:b1:90:b1:f2:c1,-56,recruitment
d8:b1:90:be:24:e1,-69,recruitment
d8:b1:90:c4:5c:51,-53,recruitment
d8:b1:90:c9:08:51,-78,recruitment
d8:b1:90:c9:0a:c1,-72,recruitment
d8:b1:90:bb:98:b1,-75,recruitment
d8:b1:90:b2:ba:a1,-67,recruitment
d8:b1:90:c9:08:51,-78,recruitment
d8:b1:90:c4:5c:51,-53,recruitment
d8:b1:90:bb:98:b1,-75,recruitment
d8:b1:90:c9:0a:c1,-72,recruitment
d8:b1:90:c4:5c:41,-72,recruitment
d8:b1:90:c4:5c:51,-53,recruitment
d8:b1:90:b2:ba:a1,-66,recruitment
d8:b1:90:bb:98:b1,-75,recruitment
d8:b1:90:c9:08:51,-78,recruitment
d8:b1:90:c9:0a:c1,-71,recruitment
d8:b1:90:bb:98:b1,-75,recruitment
d8:b1:90:c9:08:51,-78,recruitment
d8:b1:90:b2:ba:a1,-66,recruitment
d8:b1:90:c4:5c:51,-54,recruitment
d8:b1:90:c4:5c:41,-72,recruitment
d8:b1:90:c9:0a:c1,-71,recruitment
d8:b1:90:bb:98:b1,-75,recruitment
d8:b1:90:c9:0a:c1,-71,recruitment
d8:b1:90:c4:5c:41,-68,recruitment
d8:b1:90:c4:5c:51,-53,recruitment
d8:b1:90:b2:ba:a1,-67,recruitment
d8:b1:90:c9:08:51,-78,recruitment
d8:b1:90:c9:0a:c1,-71,recruitment
d8:b1:90:bb:98:b1,-75,recruitment
d8:b1:90:be:24:e1,-70,recruitment
d8:b1:90:c9:08:51,-78,recruitment
d8:b1:90:c4:5c:41,-67,recruitment
d8:b1:90:c4:5c:51,-53,recruitment
d8:b1:90:b1:f2:c1,-57,recruitment
d8:b1:90:b2:ba:a1,-67,recruitment
d8:b1:90:c9:08:51,-78,recruitment
d8:b1:90:c4:5c:41,-67,recruitment
d8:b1:90:c9:0a:c1,-73,recruitment
d8:b1:90:b1:f2:c1,-57,recruitment
d8:b1:90:be:24:e1,-70,recruitment
d8:b1:90:b2:ba:a1,-67,recruitment
d8:b1:90:c4:5c:51,-53,recruitment
d8:b1:90:bb:98:b1,-75,recruitment
d8:b1:90:c4:5c:41,-67,marketing
d8:b1:90:b1:f2:c1,-63,marketing
d8:b1:90:b2:ba:a1,-67,marketing
d8:b1:90:c9:08:51,-78,marketing
d8:b1:90:c9:0a:c1,-79,marketing
d8:b1:90:be:24:e1,-70,marketing
d8:b1:90:c4:5c:51,-57,marketing
a8:9d:21:98:33:c1,-78,marketing
d8:b1:90:b1:f2:c1,-63,marketing
d8:b1:90:be:24:e1,-70,marketing
a8:9d:21:98:33:c1,-78,marketing
d8:b1:90:c9:08:51,-78,marketing
d8:b1:90:c4:5c:41,-72,marketing
d8:b1:90:c4:5c:51,-61,marketing
d8:b1:90:c9:0a:c1,-79,marketing
d8:b1:90:b2:ba:a1,-67,marketing
d8:b1:90:c9:0a:c1,-76,marketing
d8:b1:90:c9:08:51,-80,marketing
a8:9d:21:98:33:c1,-77,marketing
d8:b1:90:c4:5c:51,-58,marketing
d8:b1:90:be:24:e1,-70,marketing
d8:b1:90:c4:5c:41,-72,marketing
d8:b1:90:b1:f2:c1,-63,marketing
d8:b1:90:bb:98:b1,-80,marketing
d8:b1:90:c9:08:51,-81,marketing
d8:b1:90:c4:5c:51,-57,marketing
d8:b1:90:c9:0a:c1,-76,marketing
a8:9d:21:98:33:c1,-77,marketing
d8:b1:90:b1:f2:c1,-63,marketing
d8:b1:90:c4:5c:41,-72,marketing
d8:b1:90:b2:ba:a1,-51,marketing
d8:b1:90:bb:98:b1,-80,marketing
d8:b1:90:c9:0a:c1,-76,marketing
d8:b1:90:b2:ba:a1,-51,marketing
d8:b1:90:c4:5c:51,-56,marketing
d8:b1:90:c9:08:51,-81,marketing
d8:b1:90:bb:98:b1,-80,marketing
a8:9d:21:98:33:c1,-77,marketing
d8:b1:90:c4:5c:41,-72,marketing
d8:b1:90:c4:5c:51,-56,marketing
a8:9d:21:98:33:c1,-77,marketing
d8:b1:90:c4:5c:41,-72,marketing
d8:b1:90:b2:ba:a1,-51,marketing
d8:b1:90:bb:98:b1,-80,marketing
d8:b1:90:c9:08:51,-83,marketing
d8:b1:90:c9:0a:c1,-75,marketing
d8:b1:90:c4:5c:41,-70,marketing
d8:b1:90:c4:5c:51,-56,marketing
d8:b1:90:c9:0a:c1,-75,marketing
d8:b1:90:bb:98:b1,-80,marketing
a8:9d:21:98:33:c1,-77,marketing
d8:b1:90:c9:08:51,-82,marketing
d8:b1:90:b2:ba:a1,-51,marketing
d8:b1:90:c9:08:51,-82,marketing
d8:b1:90:c4:5c:41,-70,marketing
a8:9d:21:98:33:c1,-76,marketing
d8:b1:90:c9:0a:c1,-77,marketing
d8:b1:90:bb:98:b1,-80,marketing
d8:b1:90:c4:5c:51,-56,marketing
d8:b1:90:b2:ba:a1,-51,marketing
d8:b1:90:c4:5c:51,-56,marketing
a8:9d:21:98:33:c1,-76,marketing
d8:b1:90:b1:f2:c1,-70,marketing
d8:b1:90:b2:ba:a1,-51,marketing
d8:b1:90:bb:98:b1,-80,marketing
d8:b1:90:c9:0a:c1,-77,marketing
d8:b1:90:c4:5c:41,-70,marketing
d8:b1:90:c9:08:51,-82,marketing
d8:b1:90:c4:5c:51,-56,marketing
d8:b1:90:c9:08:51,-81,marketing
d8:b1:90:c9:0a:c1,-77,marketing
a8:9d:21:98:33:c1,-76,marketing
d8:b1:90:b2:ba:a1,-51,marketing
d8:b1:90:c4:5c:41,-70,marketing
d8:b1:90:b1:f2:c1,-70,marketing
d8:b1:90:bb:98:b1,-80,marketing
d8:b1:90:bb:98:b1,-80,marketing
a8:9d:21:98:33:c1,-77,marketing
d8:b1:90:c9:08:51,-81,marketing
d8:b1:90:c4:5c:51,-56,marketing
d8:b1:90:c4:5c:41,-70,marketing
d8:b1:90:c9:0a:c1,-76,marketing
d8:b1:90:b1:f2:c1,-70,marketing
d8:b1:90:be:24:e1,-71,marketing
d8:b1:90:b2:ba:a1,-51,marketing
a8:9d:21:98:33:c1,-77,marketing
d8:b1:90:c9:08:51,-82,marketing
d8:b1:90:b1:f2:c1,-70,marketing
d8:b1:90:c9:0a:c1,-76,marketing
d8:b1:90:c4:5c:51,-56,marketing
d8:b1:90:be:24:e1,-71,marketing
d8:b1:90:c4:5c:41,-70,marketing
d8:b1:90:b2:ba:a1,-51,marketing
d8:b1:90:bb:98:b1,-79,marketing
d8:b1:90:c9:0a:c1,-75,marketing
d8:b1:90:be:24:e1,-71,marketing
d8:b1:90:c4:5c:51,-56,marketing
d8:b1:90:b2:ba:a1,-51,marketing
a8:9d:21:98:33:c1,-77,marketing
d8:b1:90:bb:98:b1,-79,marketing
d8:b1:90:c9:08:51,-82,marketing
d8:b1:90:b1:f2:c1,-70,marketing
d8:b1:90:c4:5c:41,-70,marketing
d8:b1:90:be:24:e1,-71,marketing
d8:b1:90:bb:98:b1,-78,marketing
d8:b1:90:c9:0a:c1,-79,marketing
d8:b1:90:c9:08:51,-81,marketing
a8:9d:21:98:33:c1,-81,marketing
d8:b1:90:b1:f2:c1,-70,marketing
d8:b1:90:b2:ba:a1,-50,marketing
d8:b1:90:c4:5c:51,-57,marketing
d8:b1:90:c4:5c:41,-74,marketing
d8:b1:90:bb:98:b1,-79,pharmacy3-ajy
d8:b1:90:b2:ba:a1,-60,pharmacy3-ajy
d8:b1:90:c9:0a:c1,-82,pharmacy3-ajy
d8:b1:90:c4:5c:51,-56,pharmacy3-ajy
a8:9d:21:98:33:c1,-77,pharmacy3-ajy
d8:b1:90:c4:5c:41,-76,pharmacy3-ajy
d8:b1:90:bb:98:b1,-79,pharmacy3-ajy
d8:b1:90:c4:5c:41,-75,pharmacy3-ajy
d8:b1:90:b2:ba:a1,-60,pharmacy3-ajy
d8:b1:90:c9:0a:c1,-82,pharmacy3-ajy
a8:9d:21:98:33:c1,-81,pharmacy3-ajy
d8:b1:90:c4:5c:51,-56,pharmacy3-ajy
d8:b1:90:c9:0a:c1,-82,pharmacy3-ajy
d8:b1:90:bb:98:b1,-79,pharmacy3-ajy
a8:9d:21:98:33:c1,-81,pharmacy3-ajy
d8:b1:90:c9:08:51,-78,pharmacy3-ajy
d8:b1:90:c4:5c:51,-54,pharmacy3-ajy
d8:b1:90:c4:5c:41,-75,pharmacy3-ajy
d8:b1:90:b1:f2:c1,-69,pharmacy3-ajy
d8:b1:90:b2:ba:a1,-61,pharmacy3-ajy
d8:b1:90:c4:5c:51,-54,pharmacy3-ajy
d8:b1:90:bb:98:b1,-79,pharmacy3-ajy
d8:b1:90:b2:ba:a1,-61,pharmacy3-ajy
d8:b1:90:b1:f2:c1,-69,pharmacy3-ajy
d8:b1:90:c9:08:51,-77,pharmacy3-ajy
a8:9d:21:98:33:c1,-81,pharmacy3-ajy
d8:b1:90:c9:0a:c1,-82,pharmacy3-ajy
d8:b1:90:c4:5c:41,-75,pharmacy3-ajy
d8:b1:90:c4:5c:51,-54,pharmacy3-ajy
d8:b1:90:bb:98:b1,-79,pharmacy3-ajy
d8:b1:90:c9:0a:c1,-82,pharmacy3-ajy
d8:b1:90:b2:ba:a1,-61,pharmacy3-ajy
d8:b1:90:c4:5c:41,-75,pharmacy3-ajy
d8:b1:90:c9:08:51,-76,pharmacy3-ajy
d8:b1:90:b1:f2:c1,-69,pharmacy3-ajy
a8:9d:21:98:33:c1,-81,pharmacy3-ajy
d8:b1:90:c9:0a:c1,-81,pharmacy3-ajy
d8:b1:90:c9:08:51,-75,pharmacy3-ajy
d8:b1:90:b1:f2:c1,-69,pharmacy3-ajy
d8:b1:90:c4:5c:51,-54,pharmacy3-ajy
d8:b1:90:b2:ba:a1,-61,pharmacy3-ajy
d8:b1:90:c4:5c:41,-75,pharmacy3-ajy
d8:b1:90:bb:98:b1,-79,pharmacy3-ajy
a8:9d:21:98:33:c1,-80,pharmacy3-ajy
d8:b1:90:c4:5c:41,-75,pharmacy3-ajy
a8:9d:21:98:33:c1,-80,pharmacy3-ajy
d8:b1:90:b2:ba:a1,-61,pharmacy3-ajy
d8:b1:90:c9:0a:c1,-81,pharmacy3-ajy
d8:b1:90:bb:98:b1,-79,pharmacy3-ajy
d8:b1:90:c9:08:51,-76,pharmacy3-ajy
d8:b1:90:c4:5c:51,-54,pharmacy3-ajy
d8:b1:90:b1:f2:c1,-69,pharmacy3-ajy
a8:9d:21:98:33:c1,-80,pharmacy3-ajy
d8:b1:90:c4:5c:41,-75,pharmacy3-ajy
d8:b1:90:c4:5c:51,-54,pharmacy3-ajy
d8:b1:90:c9:08:51,-76,pharmacy3-ajy
d8:b1:90:c9:0a:c1,-81,pharmacy3-ajy
d8:b1:90:bb:98:b1,-79,pharmacy3-ajy
d8:b1:90:be:24:e1,-77,pharmacy3-ajy
d8:b1:90:b2:ba:a1,-61,pharmacy3-ajy
d8:b1:90:b1:f2:c1,-69,pharmacy3-ajy
d8:b1:90:be:24:e1,-74,pharmacy3-ajy
d8:b1:90:c9:08:51,-76,pharmacy3-ajy
a8:9d:21:98:33:c1,-80,pharmacy3-ajy
d8:b1:90:c4:5c:51,-54,pharmacy3-ajy
d8:b1:90:b2:ba:a1,-61,pharmacy3-ajy
d8:b1:90:c9:0a:c1,-81,pharmacy3-ajy
d8:b1:90:b1:f2:c1,-69,pharmacy3-ajy
d8:b1:90:c4:5c:41,-74,pharmacy3-ajy
d8:b1:90:bb:98:b1,-79,pharmacy3-ajy
d8:b1:90:bb:98:b1,-79,pharmacy3-ajy
a8:9d:21:98:33:c1,-80,pharmacy3-ajy
d8:b1:90:b2:ba:a1,-60,pharmacy3-ajy
d8:b1:90:c9:08:51,-77,pharmacy3-ajy
d8:b1:90:c4:5c:41,-74,pharmacy3-ajy
d8:b1:90:b1:f2:c1,-69,pharmacy3-ajy
d8:b1:90:c9:0a:c1,-82,pharmacy3-ajy
d8:b1:90:be:24:e1,-74,pharmacy3-ajy
d8:b1:90:c4:5c:51,-54,pharmacy3-ajy
d8:b1:90:c4:5c:41,-74,pharmacy3-ajy
d8:b1:90:c4:5c:51,-54,pharmacy3-ajy
d8:b1:90:c9:0a:c1,-82,pharmacy3-ajy
d8:b1:90:bb:98:b1,-79,pharmacy3-ajy
d8:b1:90:b1:f2:c1,-69,pharmacy3-ajy
a8:9d:21:98:33:c1,-80,pharmacy3-ajy
d8:b1:90:c9:08:51,-78,pharmacy3-ajy
d8:b1:90:b2:ba:a1,-60,pharmacy3-ajy
d8:b1:90:be:24:e1,-76,pharmacy3-ajy
d8:b1:90:c4:5c:51,-54,pharmacy3-ajy
d8:b1:90:b2:ba:a1,-60,pharmacy3-ajy
d8:b1:90:be:24:e1,-76,pharmacy3-ajy
d8:b1:90:c4:5c:41,-74,pharmacy3-ajy
d8:b1:90:b1:f2:c1,-69,pharmacy3-ajy
d8:b1:90:bb:98:b1,-79,pharmacy3-ajy
a8:9d:21:98:33:c1,-80,pharmacy3-ajy
d8:b1:90:c9:08:51,-78,pharmacy3-ajy
d8:b1:90:c9:0a:c1,-82,pharmacy3-ajy
d8:b1:90:c9:0a:c1,-82,pharmacy3-ajy
d8:b1:90:c4:5c:51,-54,pharmacy3-ajy
d8:b1:90:be:24:e1,-76,pharmacy3-ajy
d8:b1:90:b2:ba:a1,-60,pharmacy3-ajy
a8:9d:21:98:33:c1,-80,pharmacy3-ajy
d8:b1:90:c4:5c:41,-74,pharmacy3-ajy
d8:b1:90:b1:f2:c1,-69,pharmacy3-ajy
d8:b1:90:bb:98:b1,-78,pharmacy3-ajy
d8:b1:90:c9:08:51,-78,pharmacy3-ajy
d8:b1:90:b2:ba:a1,-60,pharmacy3-ajy
d8:b1:90:c4:5c:41,-74,pharmacy3-ajy
d8:b1:90:c4:5c:51,-54,pharmacy3-ajy
d8:b1:90:bb:98:b1,-78,pharmacy3-ajy
a8:9d:21:98:33:c1,-80,pharmacy3-ajy
d8:b1:90:c9:0a:c1,-82,pharmacy3-ajy
d8:b1:90:c9:08:51,-81,pharmacy3-ajy
d8:b1:90:be:24:e1,-76,pharmacy3-ajy
d8:b1:90:b1:f2:c1,-69,pharmacy3-ajy
d8:b1:90:c4:5c:51,-54,pharmacy3-ajy
d8:b1:90:c9:0a:c1,-82,pharmacy3-ajy
d8:b1:90:c9:08:51,-81,pharmacy3-ajy
a8:9d:21:98:33:c1,-80,pharmacy3-ajy
d8:b1:90:b1:f2:c1,-69,pharmacy3-ajy
d8:b1:90:bb:98:b1,-78,pharmacy3-ajy
d8:b1:90:b2:ba:a1,-60,pharmacy3-ajy
d8:b1:90:be:24:e1,-76,pharmacy3-ajy
d8:b1:90:c4:5c:41,-74,pharmacy3-ajy
d8:b1:90:bb:98:b1,-78,pharmacy3-ajy
d8:b1:90:c4:5c:41,-74,pharmacy3-ajy
d8:b1:90:b2:ba:a1,-60,pharmacy3-ajy
d8:b1:90:be:24:e1,-76,pharmacy3-ajy
d8:b1:90:b1:f2:c1,-68,pharmacy3-ajy
d8:b1:90:c4:5c:51,-54,pharmacy3-ajy
d8:b1:90:c9:08:51,-79,pharmacy3-ajy
d8:b1:90:c9:0a:c1,-82,pharmacy3-ajy
a8:9d:21:98:33:c1,-80,pharmacy3-ajy
d8:b1:90:b1:f2:c1,-68,pharmacy3-ajy
d8:b1:90:c4:5c:51,-54,pharmacy3-ajy
d8:b1:90:c9:08:51,-79,pharmacy3-ajy
a8:9d:21:98:33:c1,-80,pharmacy3-ajy
d8:b1:90:b2:ba:a1,-60,pharmacy3-ajy
d8:b1:90:c9:0a:c1,-82,pharmacy3-ajy
d8:b1:90:be:24:e1,-75,pharmacy3-ajy
d8:b1:90:bb:98:b1,-78,pharmacy3-ajy
d8:b1:90:c4:5c:41,-74,pharmacy3-ajy
d8:b1:90:c9:08:51,-79,pharmacy3-ajy
d8:b1:90:b2:ba:a1,-61,pharmacy3-ajy
d8:b1:90:c9:0a:c1,-82,pharmacy3-ajy
d8:b1:90:be:24:e1,-76,pharmacy3-ajy
a8:9d:21:98:33:c1,-80,pharmacy3-ajy
d8:b1:90:b1:f2:c1,-68,pharmacy3-ajy
d8:b1:90:c4:5c:51,-54,pharmacy3-ajy
d8:b1:90:bb:98:b1,-78,pharmacy3-ajy
d8:b1:90:c4:5c:41,-74,pharmacy3-ajy
d8:b1:90:c4:5c:51,-54,pharmacy3-ajy
d8:b1:90:c9:0a:c1,-81,pharmacy3-ajy
d8:b1:90:b1:f2:c1,-68,pharmacy3-ajy
d8:b1:90:c9:08:51,-79,pharmacy3-ajy
d8:b1:90:bb:98:b1,-78,pharmacy3-ajy
d8:b1:90:c4:5c:41,-74,pharmacy3-ajy
a8:9d:21:98:33:c1,-80,pharmacy3-ajy
d8:b1:90:be:24:e1,-76,pharmacy3-ajy
d8:b1:90:b2:ba:a1,-61,pharmacy3-ajy
d8:b1:90:bb:98:b1,-80,techops
d8:b1:90:c4:5c:51,-75,techops
d8:b1:90:c9:0a:c1,-81,techops
a8:9d:21:98:33:c1,-80,techops
d8:b1:90:b1:f2:c1,-74,techops
d8:b1:90:c9:0a:c1,-81,techops
d8:b1:90:b1:f2:c1,-74,techops
d8:b1:90:b2:ba:a1,-72,techops
d8:b1:90:c4:5c:51,-76,techops
d8:b1:90:be:24:e1,-49,techops
d8:b1:90:be:24:e1,-52,techops
d8:b1:90:b1:f2:c1,-74,techops
d8:b1:90:c4:5c:41,-71,techops
d8:b1:90:b2:ba:a1,-72,techops
d8:b1:90:b2:be:31,-78,techops
d8:b1:90:c4:5c:51,-76,techops
d8:b1:90:b1:f2:c1,-74,techops
d8:b1:90:c4:5c:41,-71,techops
d8:b1:90:b2:be:31,-79,techops
d8:b1:90:be:24:e1,-52,techops
d8:b1:90:c4:5c:51,-74,techops
d8:b1:90:b2:ba:a1,-72,techops
d8:b1:90:be:24:e1,-52,techops
d8:b1:90:b2:ba:a1,-72,techops
d8:b1:90:c4:5c:41,-71,techops
d8:b1:90:b2:be:31,-79,techops
d8:b1:90:c4:5c:51,-73,techops
d8:b1:90:c4:5c:51,-75,techops
d8:b1:90:be:24:e1,-52,techops
d8:b1:90:b2:ba:a1,-73,techops
d8:b1:90:c4:5c:41,-71,techops
d8:b1:90:b2:be:31,-80,techops
d8:b1:90:c4:5c:51,-75,techops
d8:b1:90:b2:be:31,-80,techops
d8:b1:90:b2:ba:a1,-73,techops
d8:b1:90:c4:5c:51,-76,techops
d8:b1:90:b2:be:31,-80,techops
d8:b1:90:b2:ba:a1,-73,techops
d8:b1:90:b2:be:31,-79,techops
d8:b1:90:c4:5c:51,-77,techops
d8:b1:90:b2:be:31,-81,techops
d8:b1:90:b2:ba:a1,-72,techops
d8:b1:90:c4:5c:51,-78,techops
d8:b1:90:b2:be:31,-80,techops
d8:b1:90:b2:ba:a1,-72,techops
d8:b1:90:c4:5c:51,-76,techops
d8:b1:90:b2:be:31,-80,techops
d8:b1:90:c4:5c:51,-75,techops
d8:b1:90:b2:ba:a1,-73,techops
d8:b1:90:b2:be:31,-80,techops
d8:b1:90:c4:5c:41,-70,techops
d8:b1:90:c4:5c:51,-76,techops
d8:b1:90:b2:ba:a1,-73,techops
d8:b1:90:b2:ba:a1,-73,techops
d8:b1:90:c4:5c:51,-75,techops
d8:b1:90:c4:5c:41,-70,techops
d8:b1:90:b2:be:31,-79,techops
d8:b1:90:b2:ba:a1,-73,techops
d8:b1:90:b2:be:31,-79,techops
d8:b1:90:c4:5c:41,-70,techops
d8:b1:90:c4:5c:51,-75,techops
d8:b1:90:c4:5c:41,-70,techops
d8:b1:90:b2:ba:a1,-73,techops
d8:b1:90:c4:5c:51,-75,techops
d8:b1:90:b2:be:31,-78,techops
d8:b1:90:b2:ba:a1,-74,techops
d8:b1:90:b2:be:31,-78,techops
d8:b1:90:c4:5c:51,-75,techops
d8:b1:90:c4:5c:41,-71,techops
d8:b1:90:b2:ba:a1,-74,techops
d8:b1:90:be:24:e1,-51,techops
d8:b1:90:c4:5c:41,-72,techops
d8:b1:90:c4:5c:51,-75,techops
d8:b1:90:b2:be:31,-79,techops
d8:b1:90:be:24:e1,-51,techops
d8:b1:90:b2:ba:a1,-74,techops
d8:b1:90:b2:be:31,-79,techops
d8:b1:90:c4:5c:51,-76,techops
d8:b1:90:c4:5c:41,-72,techops
d8:b1:90:c4:5c:51,-76,techops
d8:b1:90:b2:be:31,-79,techops
d8:b1:90:be:24:e1,-51,techops
d8:b1:90:b2:ba:a1,-74,techops
d8:b1:90:c4:5c:41,-72,techops
d8:b1:90:b2:be:31,-79,techops
d8:b1:90:be:24:e1,-51,techops
d8:b1:90:c4:5c:41,-72,techops
d8:b1:90:c4:5c:51,-75,techops
d8:b1:90:be:24:e1,-50,techops
d8:b1:90:c4:5c:51,-75,techops
d8:b1:90:b2:be:31,-80,techops
d8:b1:90:c4:5c:41,-72,techops
d8:b1:90:b2:be:31,-80,techops
d8:b1:90:c4:5c:41,-72,techops
d8:b1:90:c4:5c:51,-74,techops
d8:b1:90:be:24:e1,-51,techops
d8:b1:90:b2:be:31,-80,techops
d8:b1:90:c4:5c:51,-74,techops
d8:b1:90:be:24:e1,-52,techops
d8:b1:90:b2:ba:a1,-73,techops
d8:b1:90:b2:be:41,-80,people table
d8:b1:90:b1:f2:c1,-79,people table
d8:b1:90:c9:0a:c1,-58,people table
d8:b1:90:75:33:b1,-55,people table
d8:b1:90:b2:b6:11,-74,people table
d8:b1:90:b1:f2:c1,-77,people table
d8:b1:90:b2:b6:11,-75,people table
d8:b1:90:b2:be:41,-80,people table
d8:b1:90:c9:08:51,-65,people table
d8:b1:90:b0:02:41,-84,people table
d8:b1:90:75:33:b1,-55,people table
d8:b1:90:c9:0a:c1,-59,people table
d8:b1:90:75:33:b1,-58,people table
d8:b1:90:c9:08:51,-57,people table
d8:b1:90:b0:02:41,-84,people table
d8:b1:90:b2:ba:21,-79,people table
d8:b1:90:c9:0a:c1,-61,people table
d8:b1:90:b2:b6:11,-74,people table
d8:b1:90:b1:f2:c1,-81,people table
d8:b1:90:b2:be:41,-80,people table
d8:b1:90:75:33:b1,-54,people table
d8:b1:90:b2:be:41,-78,people table
d8:b1:90:b1:f2:c1,-81,people table
d8:b1:90:c9:08:51,-57,people table
d8:b1:90:c9:0a:c1,-62,people table
d8:b1:90:b2:ba:21,-77,people table
d8:b1:90:b2:b6:11,-74,people table
d8:b1:90:b0:02:41,-83,people table
d8:b1:90:b2:be:41,-80,people table
d8:b1:90:b1:f2:c1,-79,people table
d8:b1:90:75:33:b1,-54,people table
d8:b1:90:b2:ba:21,-78,people table
d8:b1:90:c9:08:51,-59,people table
d8:b1:90:b2:b6:11,-71,people table
d8:b1:90:b0:02:41,-83,people table
d8:b1:90:c9:0a:c1,-62,people table
d8:b1:90:75:33:b1,-54,people table
d8:b1:90:b2:be:41,-80,people table
d8:b1:90:b2:ba:21,-78,people table
d8:b1:90:c9:08:51,-59,people table
d8:b1:90:b1:f2:c1,-79,people table
d8:b1:90:c9:0a:c1,-62,people table
d8:b1:90:b2:b6:11,-71,people table
d8:b1:90:b0:02:41,-83,people table
d8:b1:90:b2:b6:11,-71,people table
d8:b1:90:c9:0a:c1,-60,people table
d8:b1:90:b1:f2:c1,-79,people table
d8:b1:90:b0:02:41,-83,people table
d8:b1:90:c9:08:51,-59,people table
d8:b1:90:b2:be:41,-80,people table
d8:b1:90:b2:ba:21,-79,people table
d8:b1:90:75:33:b1,-55,people table
d8:b1:90:b2:be:41,-80,people table
d8:b1:90:b2:b6:11,-73,people table
d8:b1:90:c9:0a:c1,-60,people table
d8:b1:90:b2:ba:21,-78,people table
d8:b1:90:b1:f2:c1,-81,people table
d8:b1:90:75:33:b1,-55,people table
d8:b1:90:c9:08:51,-60,people table
d8:b1:90:b2:b6:11,-73,people table
d8:b1:90:b2:ba:21,-78,people table
d8:b1:90:b2:be:41,-80,people table
d8:b1:90:b1:f2:c1,-81,people table
d8:b1:90:75:33:b1,-54,people table
d8:b1:90:c9:08:51,-60,people table
d8:b1:90:c9:0a:c1,-61,people table
d8:b1:90:c9:08:51,-60,people table
d8:b1:90:c9:0a:c1,-61,people table
d8:b1:90:b2:ba:21,-78,people table
d8:b1:90:b2:be:41,-80,people table
d8:b1:90:75:33:b1,-54,people table
d8:b1:90:b1:f2:c1,-81,people table
d8:b1:90:b2:b6:11,-73,people table
d8:b1:90:c9:0a:c1,-60,people table
d8:b1:90:b2:ba:21,-78,people table
d8:b1:90:b2:b6:11,-71,people table
d8:b1:90:b1:f2:c1,-81,people table
d8:b1:90:b2:be:41,-80,people table
d8:b1:90:75:33:b1,-53,people table
d8:b1:90:c9:08:51,-60,people table
d8:b1:90:b2:b6:11,-67,people table
d8:b1:90:75:33:b1,-57,people table
d8:b1:90:b2:be:41,-80,people table
d8:b1:90:c9:0a:c1,-60,people table
d8:b1:90:c9:08:51,-56,people table
d8:b1:90:b2:ba:21,-78,people table
d8:b1:90:b1:f2:c1,-81,people table
d8:b1:90:b2:b6:11,-67,people table
d8:b1:90:75:33:b1,-57,people table
d8:b1:90:b2:be:41,-80,people table
d8:b1:90:c9:08:51,-55,people table
d8:b1:90:c9:0a:c1,-59,people table
d8:b1:90:b2:ba:21,-78,people table
d8:b1:90:b0:02:41,-86,people table
d8:b1:90:b1:f2:c1,-82,people table
d8:b1:90:c9:08:51,-54,people table
d8:b1:90:b2:b6:11,-67,people table
d8:b1:90:b2:be:41,-80,people table
d8:b1:90:b1:f2:c1,-82,people table
d8:b1:90:c9:0a:c1,-59,people table
d8:b1:90:b0:02:41,-86,people table
d8:b1:90:b2:ba:21,-78,people table
d8:b1:90:75:33:b1,-56,people table
d8:b1:90:b1:f2:c1,-82,people table
d8:b1:90:75:33:b1,-56,people table
d8:b1:90:c9:0a:c1,-60,people table
d8:b1:90:b2:b6:11,-68,people table
d8:b1:90:c9:08:51,-57,people table
d8:b1:90:b2:ba:21,-80,people table
d8:b1:90:75:33:b1,-56,people table
d8:b1:90:b2:b6:11,-68,people table
d8:b1:90:c9:0a:c1,-59,people table
d8:b1:90:b2:ba:21,-80,people table
d8:b1:90:b1:f2:c1,-82,people table
d8:b1:90:c9:08:51,-57,people table
